<?xml version="1.0" encoding="utf-8"?>
<!--/12765369/1373323/2.50/2/3/Connector/-->
<quadcept_library>
  <setting unit="mil" />
  <textstyle name="Default" height="47.244094488189" strokewidth="7.8740157480315" charwidth="47.244094488189" />
  <textstyle name="Dimension" height="19.6850393700787" strokewidth="0" charwidth="19.6850393700787" />
  <textstyle name="H127W0635TH00762" height="50" strokewidth="3" charwidth="25" />
  <textstyle name="H15W15TH02" height="59.0551181102362" strokewidth="7.8740157480315" charwidth="59.0551181102362" />
  <padstyle name="s217.5_h145" surface="False" plated="True" isvia="False" nopaste="True" nomask="True" complex="False" holesize="57.086614173228">
    <padshape layer="TOP" shape="square" width="85.629921259841" height="85.629921259841" />
    <padshape layer="TOP_SOLDER_MASK" shape="square" width="93.503937007873" height="93.503937007873" />
    <padshape layer="INNER" shape="square" width="85.629921259841" height="85.629921259841" />
    <padshape layer="BOTTOM" shape="square" width="85.629921259841" height="85.629921259841" />
    <padshape layer="BOTTOM_SOLDER_MASK" shape="square" width="93.503937007873" height="93.503937007873" />
  </padstyle>
  <padstyle name="c217.5_h145" surface="False" plated="True" isvia="False" nopaste="True" nomask="True" complex="False" holesize="57.086614173228">
    <padshape layer="TOP" shape="round" width="85.629921259841" height="85.629921259841" />
    <padshape layer="TOP_SOLDER_MASK" shape="round" width="93.503937007873" height="93.503937007873" />
    <padshape layer="INNER" shape="round" width="85.629921259841" height="85.629921259841" />
    <padshape layer="BOTTOM" shape="round" width="85.629921259841" height="85.629921259841" />
    <padshape layer="BOTTOM_SOLDER_MASK" shape="round" width="93.503937007873" height="93.503937007873" />
  </padstyle>
  <footprint name="MC000048" originx="0" originy="0" pickpointx="0" pickpointy="0">
    <pcbpin number="1" name="1" style="s217.5_h145" originx="0" originy="0" rotation="90" />
    <pcbpin number="2" name="2" style="c217.5_h145" originx="200" originy="0" rotation="90" />
    <line layer="TOP_ASSEMBLY" originx="-99.999999999999" originy="188.97637795275" endx="300" endy="188.97637795275" width="3.9370078740157" />
    <line layer="TOP_ASSEMBLY" originx="300" originy="188.97637795275" endx="300" endy="-212.59842519685" width="3.9370078740157" />
    <line layer="TOP_ASSEMBLY" originx="300" originy="-212.59842519685" endx="-99.999999999999" endy="-212.59842519685" width="3.9370078740157" />
    <line layer="TOP_ASSEMBLY" originx="-99.999999999999" originy="-212.59842519685" endx="-99.999999999999" endy="188.97637795275" width="3.9370078740157" />
    <line layer="TOP_SILKSCREEN" originx="-99.999999999999" originy="188.97637795275" endx="300" endy="188.97637795275" width="7.8740157480314" />
    <line layer="TOP_SILKSCREEN" originx="300" originy="188.97637795275" endx="300" endy="-212.59842519685" width="7.8740157480314" />
    <line layer="TOP_SILKSCREEN" originx="300" originy="-212.59842519685" endx="-99.999999999999" endy="-212.59842519685" width="7.8740157480314" />
    <line layer="TOP_SILKSCREEN" originx="-99.999999999999" originy="-212.59842519685" endx="-99.999999999999" endy="188.97637795275" width="7.8740157480314" />
    <line layer="TOP_PLACE_BOUND" originx="-139.37007874016" originy="228.34645669291" endx="339.37007874015" endy="228.34645669291" width="3.9370078740157" />
    <line layer="TOP_PLACE_BOUND" originx="339.37007874015" originy="228.34645669291" endx="339.37007874015" endy="-251.968503937" width="3.9370078740157" />
    <line layer="TOP_PLACE_BOUND" originx="339.37007874015" originy="-251.968503937" endx="-139.37007874016" endy="-251.968503937" width="3.9370078740157" />
    <line layer="TOP_PLACE_BOUND" originx="-139.37007874016" originy="-251.968503937" endx="-139.37007874016" endy="228.34645669291" width="3.9370078740157" />
    <line layer="TOP_SILKSCREEN" originx="-125.9842519685" originy="0" endx="-125.9842519685" endy="0" width="3.9370078740157" />
    <arc layer="TOP_SILKSCREEN" originx="-124.01574803149" originy="0" startangle="-180.0" sweepangle="180.0" radius="1.9685039370079" width="3.9370078740157" />
    <line layer="TOP_SILKSCREEN" originx="-122.04724409449" originy="0" endx="-122.04724409449" endy="0" width="3.9370078740157" />
    <arc layer="TOP_SILKSCREEN" originx="-124.01574803149" originy="0" startangle=".0" sweepangle="180.0" radius="1.9685039370079" width="3.9370078740157" />
  </footprint>
  <symbol name="MC000048" originx="0" originy="0">
    <line originx="200" originy="100" endx="600" endy="100" width="0" />
    <line originx="600" originy="-200" endx="600" endy="100" width="0" />
    <line originx="600" originy="-200" endx="200" endy="-200" width="0" />
    <line originx="200" originy="100" endx="200" endy="-200" width="0" />
    <sympin number="1" originx="200" originy="0" rotation="180" length="100" width="7.8740157480315" flipped="False">
      <text name="pinname" originx="230" originy="0" style="Default" rotation="0" justify="left" flipped="False" hidden="False" data="1" />
      <text name="pindes" originx="140" originy="20" style="Default" rotation="0" justify="lowerright" flipped="False" hidden="False" data="1" />
    </sympin>
    <sympin number="2" originx="200" originy="-100" rotation="180" length="100" width="7.8740157480315" flipped="False">
      <text name="pinname" originx="230" originy="-100" style="Default" rotation="0" justify="left" flipped="False" hidden="False" data="2" />
      <text name="pindes" originx="140" originy="-80" style="Default" rotation="0" justify="lowerright" flipped="False" hidden="False" data="2" />
    </sympin>
  </symbol>
  <component name="MC000048" designatorprefix="J" height="562.99212598425" footprint="MC000048">
    <comppin designator="1" sympin="1" pinswap="0" gateswap="0" gate="1" group="1" side="" type="Any" name="1" />
    <comppin designator="2" sympin="2" pinswap="0" gateswap="0" gate="1" group="1" side="" type="Any" name="2" />
    <attached_symbol gate="1" name="MC000048" />
    <pinmap designator="1" footprintpin="1" />
    <pinmap designator="2" footprintpin="2" />
    <text name="Datasheet" originx="0" originy="0" style="Default" rotation="0" justify="" flipped="False" hidden="True" data="" />
    <text name="Description" originx="0" originy="0" style="Default" rotation="0" justify="" flipped="False" hidden="True" data="TERMINAL BLOCK, WIRE TO BRD, 2POS, 12AWG" />
    <text name="element14 Part Number" originx="0" originy="0" style="Default" rotation="0" justify="" flipped="False" hidden="True" data="" />
    <text name="element14 Price/Stock" originx="0" originy="0" style="Default" rotation="0" justify="" flipped="False" hidden="True" data="" />
    <text name="Manufacturer_Name" originx="0" originy="0" style="Default" rotation="0" justify="" flipped="False" hidden="True" data="Multicomp Pro" />
    <text name="Manufacturer_Part_Number" originx="650" originy="200" style="Default" rotation="0" justify="left" flipped="False" hidden="False" data="MC000048" />
  </component>
</quadcept_library>
