<?xml version="1.0" encoding="utf-8"?>
<!--/238351/1373323/2.50/3/2/Connector/-->
<quadcept_library>
  <setting unit="mil" />
  <textstyle name="Default" height="47.244094488189" strokewidth="7.8740157480315" charwidth="47.244094488189" />
  <textstyle name="Dimension" height="19.6850393700787" strokewidth="0" charwidth="19.6850393700787" />
  <textstyle name="H127W0635TH00762" height="50" strokewidth="3" charwidth="25" />
  <textstyle name="H15W15TH02" height="59.0551181102362" strokewidth="7.8740157480315" charwidth="59.0551181102362" />
  <padstyle name="c330_h220" surface="False" plated="True" isvia="False" nopaste="True" nomask="True" complex="False" holesize="86.614173228345">
    <padshape layer="TOP" shape="round" width="129.92125984252" height="129.92125984252" />
    <padshape layer="TOP_SOLDER_MASK" shape="round" width="137.79527559055" height="137.79527559055" />
    <padshape layer="INNER" shape="round" width="129.92125984252" height="129.92125984252" />
    <padshape layer="BOTTOM" shape="round" width="129.92125984252" height="129.92125984252" />
    <padshape layer="BOTTOM_SOLDER_MASK" shape="round" width="137.79527559055" height="137.79527559055" />
  </padstyle>
  <padstyle name="s330_h220" surface="False" plated="True" isvia="False" nopaste="True" nomask="True" complex="False" holesize="86.614173228345">
    <padshape layer="TOP" shape="square" width="129.92125984252" height="129.92125984252" />
    <padshape layer="TOP_SOLDER_MASK" shape="square" width="137.79527559055" height="137.79527559055" />
    <padshape layer="INNER" shape="round" width="129.92125984252" height="129.92125984252" />
    <padshape layer="BOTTOM" shape="square" width="129.92125984252" height="129.92125984252" />
    <padshape layer="BOTTOM_SOLDER_MASK" shape="square" width="137.79527559055" height="137.79527559055" />
  </padstyle>
  <footprint name="HDRV3W140P0X396_1X3_1189X762X1689P" originx="0" originy="0" pickpointx="0" pickpointy="0">
    <pcbpin number="1" name="1" style="s330_h220" originx="0" originy="0" rotation="90" />
    <pcbpin number="2" name="2" style="c330_h220" originx="155.9842519685" originy="0" rotation="90" />
    <pcbpin number="3" name="3" style="c330_h220" originx="311.968503937" originy="0" rotation="90" />
    <line layer="TOP_PLACE_BOUND" originx="-87.87401574803" originy="-167.32283464567" endx="-87.87401574803" endy="167.36220472441" width="1.9685039370079" />
    <line layer="TOP_PLACE_BOUND" originx="-87.87401574803" originy="167.36220472441" endx="399.80314960629" endy="167.36220472441" width="1.9685039370079" />
    <line layer="TOP_PLACE_BOUND" originx="399.80314960629" originy="167.36220472441" endx="399.80314960629" endy="-167.32283464567" width="1.9685039370079" />
    <line layer="TOP_PLACE_BOUND" originx="399.80314960629" originy="-167.32283464567" endx="-87.87401574803" endy="-167.32283464567" width="1.9685039370079" />
    <line layer="TOP_ASSEMBLY" originx="-78.031496062991" originy="-157.48031496063" endx="-78.031496062991" endy="157.51968503937" width="3.9370078740157" />
    <line layer="TOP_ASSEMBLY" originx="-78.031496062991" originy="157.51968503937" endx="389.96062992126" endy="157.51968503937" width="3.9370078740157" />
    <line layer="TOP_ASSEMBLY" originx="389.96062992126" originy="157.51968503937" endx="389.96062992126" endy="-157.48031496063" width="3.9370078740157" />
    <line layer="TOP_ASSEMBLY" originx="389.96062992126" originy="-157.48031496063" endx="-78.031496062991" endy="-157.48031496063" width="3.9370078740157" />
    <line layer="TOP_SILKSCREEN" originx="-78.031496062991" originy="0" endx="-78.031496062991" endy="-157.48031496063" width="7.8740157480314" />
    <line layer="TOP_SILKSCREEN" originx="-78.031496062991" originy="-157.48031496063" endx="389.96062992126" endy="-157.48031496063" width="7.8740157480314" />
    <line layer="TOP_SILKSCREEN" originx="389.96062992126" originy="-157.48031496063" endx="389.96062992126" endy="157.51968503937" width="7.8740157480314" />
    <line layer="TOP_SILKSCREEN" originx="389.96062992126" originy="157.51968503937" endx="0" endy="157.51968503937" width="7.8740157480314" />
  </footprint>
  <symbol name="640445-3" originx="0" originy="0">
    <line originx="200" originy="100" endx="600" endy="100" width="0" />
    <line originx="600" originy="-300" endx="600" endy="100" width="0" />
    <line originx="600" originy="-300" endx="200" endy="-300" width="0" />
    <line originx="200" originy="100" endx="200" endy="-300" width="0" />
    <sympin number="1" originx="200" originy="0" rotation="180" length="100" width="7.8740157480315" flipped="False">
      <text name="pinname" originx="230" originy="0" style="Default" rotation="0" justify="left" flipped="False" hidden="False" data="1" />
      <text name="pindes" originx="140" originy="20" style="Default" rotation="0" justify="lowerright" flipped="False" hidden="False" data="1" />
    </sympin>
    <sympin number="2" originx="200" originy="-100" rotation="180" length="100" width="7.8740157480315" flipped="False">
      <text name="pinname" originx="230" originy="-100" style="Default" rotation="0" justify="left" flipped="False" hidden="False" data="2" />
      <text name="pindes" originx="140" originy="-80" style="Default" rotation="0" justify="lowerright" flipped="False" hidden="False" data="2" />
    </sympin>
    <sympin number="3" originx="200" originy="-200" rotation="180" length="100" width="7.8740157480315" flipped="False">
      <text name="pinname" originx="230" originy="-200" style="Default" rotation="0" justify="left" flipped="False" hidden="False" data="3" />
      <text name="pindes" originx="140" originy="-180" style="Default" rotation="0" justify="lowerright" flipped="False" hidden="False" data="3" />
    </sympin>
  </symbol>
  <component name="640445-3" designatorprefix="J" height="664.99999999999" footprint="HDRV3W140P0X396_1X3_1189X762X1689P">
    <comppin designator="1" sympin="1" pinswap="0" gateswap="0" gate="1" group="1" side="" type="Any" name="1" />
    <comppin designator="2" sympin="2" pinswap="0" gateswap="0" gate="1" group="1" side="" type="Any" name="2" />
    <comppin designator="3" sympin="3" pinswap="0" gateswap="0" gate="1" group="1" side="" type="Any" name="3" />
    <attached_symbol gate="1" name="640445-3" />
    <pinmap designator="1" footprintpin="1" />
    <pinmap designator="2" footprintpin="2" />
    <pinmap designator="3" footprintpin="3" />
    <text name="Datasheet" originx="0" originy="0" style="Default" rotation="0" justify="" flipped="False" hidden="True" data="http://www.te.com/commerce/DocumentDelivery/DDEController?Action=showdoc&amp;DocId=Customer Drawing640445AD1pdfEnglishENG_CD_640445_AD1.pdf" />
    <text name="Description" originx="0" originy="0" style="Default" rotation="0" justify="" flipped="False" hidden="True" data="Configuration Features: Number of Rows 1 | Number of Positions 3 | Number of Power Positions 3 | PCB Mount Orientation Vertical | Contact Features: Contact Base Material Copper Alloy | Contact Underplating Material Nickel | Contact Mating Area Plating Material Thickness 2.54 MICM | Contact Mating Area Plating Material Tin | Mating Post Length 10.16 MM | Contact Layout Inline | Mating Post Length .4 INCH | Contact Retention Within Housing Without | Contact Type Pin | PCB Contact Termination Area Plating Mate" />
    <text name="element14 Part Number" originx="0" originy="0" style="Default" rotation="0" justify="" flipped="False" hidden="True" data="" />
    <text name="element14 Price/Stock" originx="0" originy="0" style="Default" rotation="0" justify="" flipped="False" hidden="True" data="" />
    <text name="Manufacturer_Name" originx="0" originy="0" style="Default" rotation="0" justify="" flipped="False" hidden="True" data="TE Connectivity" />
    <text name="Manufacturer_Part_Number" originx="650" originy="200" style="Default" rotation="0" justify="left" flipped="False" hidden="False" data="640445-3" />
  </component>
</quadcept_library>
