<?xml version="1.0" encoding="utf-8"?>
<!--/14032260/1373323/2.50/6/2/Connector/-->
<quadcept_library>
  <setting unit="mil" />
  <textstyle name="Default" height="47.244094488189" strokewidth="7.8740157480315" charwidth="47.244094488189" />
  <textstyle name="Dimension" height="19.6850393700787" strokewidth="0" charwidth="19.6850393700787" />
  <textstyle name="H127W0635TH00762" height="50" strokewidth="3" charwidth="25" />
  <textstyle name="H15W15TH02" height="59.0551181102362" strokewidth="7.8740157480315" charwidth="59.0551181102362" />
  <padstyle name="c278.1_h185.42" surface="False" plated="True" isvia="False" nopaste="True" nomask="True" complex="False" holesize="72.999999999999">
    <padshape layer="TOP" shape="round" width="109.48818897638" height="109.48818897638" />
    <padshape layer="TOP_SOLDER_MASK" shape="round" width="117.36220472441" height="117.36220472441" />
    <padshape layer="INNER" shape="round" width="109.48818897638" height="109.48818897638" />
    <padshape layer="BOTTOM" shape="round" width="109.48818897638" height="109.48818897638" />
    <padshape layer="BOTTOM_SOLDER_MASK" shape="round" width="117.36220472441" height="117.36220472441" />
  </padstyle>
  <padstyle name="s278.1_h185.42" surface="False" plated="True" isvia="False" nopaste="True" nomask="True" complex="False" holesize="72.999999999999">
    <padshape layer="TOP" shape="square" width="109.48818897638" height="109.48818897638" />
    <padshape layer="TOP_SOLDER_MASK" shape="square" width="117.36220472441" height="117.36220472441" />
    <padshape layer="INNER" shape="square" width="109.48818897638" height="109.48818897638" />
    <padshape layer="BOTTOM" shape="square" width="109.48818897638" height="109.48818897638" />
    <padshape layer="BOTTOM_SOLDER_MASK" shape="square" width="117.36220472441" height="117.36220472441" />
  </padstyle>
  <footprint name="4PCV06006" originx="0" originy="0" pickpointx="0" pickpointy="0">
    <pcbpin number="1" name="1" style="s278.1_h185.42" originx="0" originy="0" rotation="90" />
    <pcbpin number="2" name="2" style="c278.1_h185.42" originx="325" originy="0" rotation="90" />
    <pcbpin number="3" name="3" style="c278.1_h185.42" originx="649.99999999999" originy="0" rotation="90" />
    <pcbpin number="4" name="4" style="c278.1_h185.42" originx="974.99999999999" originy="0" rotation="90" />
    <pcbpin number="5" name="5" style="c278.1_h185.42" originx="1300" originy="0" rotation="90" />
    <pcbpin number="6" name="6" style="c278.1_h185.42" originx="1625" originy="0" rotation="90" />
    <line layer="TOP_ASSEMBLY" originx="1815" originy="180" endx="-190" endy="180" width="3.9370078740157" />
    <line layer="TOP_ASSEMBLY" originx="-190" originy="180" endx="-190" endy="-419.99999999999" width="3.9370078740157" />
    <line layer="TOP_ASSEMBLY" originx="-190" originy="-419.99999999999" endx="1815" endy="-419.99999999999" width="3.9370078740157" />
    <line layer="TOP_ASSEMBLY" originx="1815" originy="-419.99999999999" endx="1815" endy="180" width="3.9370078740157" />
    <line layer="TOP_SILKSCREEN" originx="1815" originy="180" endx="-190" endy="180" width="7.8740157480314" />
    <line layer="TOP_SILKSCREEN" originx="-190" originy="180" endx="-190" endy="-419.99999999999" width="7.8740157480314" />
    <line layer="TOP_SILKSCREEN" originx="-190" originy="-419.99999999999" endx="1815" endy="-419.99999999999" width="7.8740157480314" />
    <line layer="TOP_SILKSCREEN" originx="1815" originy="-419.99999999999" endx="1815" endy="180" width="7.8740157480314" />
    <line layer="TOP_PLACE_BOUND" originx="1854.3700787401" originy="219.37007874015" endx="-229.37007874015" endy="219.37007874015" width="3.9370078740157" />
    <line layer="TOP_PLACE_BOUND" originx="-229.37007874015" originy="219.37007874015" endx="-229.37007874015" endy="-459.37007874015" width="3.9370078740157" />
    <line layer="TOP_PLACE_BOUND" originx="-229.37007874015" originy="-459.37007874015" endx="1854.3700787401" endy="-459.37007874015" width="3.9370078740157" />
    <line layer="TOP_PLACE_BOUND" originx="1854.3700787401" originy="-459.37007874015" endx="1854.3700787401" endy="219.37007874015" width="3.9370078740157" />
    <line layer="TOP_SILKSCREEN" originx="-208.66141732283" originy="0" endx="-208.66141732283" endy="0" width="3.9370078740157" />
    <arc layer="TOP_SILKSCREEN" originx="-206.69291338582" originy="0" startangle=".0" sweepangle="180.0" radius="1.9685039370079" width="3.9370078740157" />
    <line layer="TOP_SILKSCREEN" originx="-212.59842519685" originy="0" endx="-212.59842519685" endy="0" width="3.9370078740157" />
    <arc layer="TOP_SILKSCREEN" originx="-206.69291338582" originy="0" startangle="180.0" sweepangle="180.0" radius="1.9685039370079" width="3.9370078740157" />
  </footprint>
  <symbol name="4PCV-06-006" originx="0" originy="0">
    <line originx="200" originy="100" endx="600" endy="100" width="0" />
    <line originx="600" originy="-600" endx="600" endy="100" width="0" />
    <line originx="600" originy="-600" endx="200" endy="-600" width="0" />
    <line originx="200" originy="100" endx="200" endy="-600" width="0" />
    <sympin number="1" originx="200" originy="0" rotation="180" length="100" width="7.8740157480315" flipped="False">
      <text name="pinname" originx="230" originy="0" style="Default" rotation="0" justify="left" flipped="False" hidden="False" data="1" />
      <text name="pindes" originx="140" originy="20" style="Default" rotation="0" justify="lowerright" flipped="False" hidden="False" data="1" />
    </sympin>
    <sympin number="2" originx="200" originy="-100" rotation="180" length="100" width="7.8740157480315" flipped="False">
      <text name="pinname" originx="230" originy="-100" style="Default" rotation="0" justify="left" flipped="False" hidden="False" data="2" />
      <text name="pindes" originx="140" originy="-80" style="Default" rotation="0" justify="lowerright" flipped="False" hidden="False" data="2" />
    </sympin>
    <sympin number="3" originx="200" originy="-200" rotation="180" length="100" width="7.8740157480315" flipped="False">
      <text name="pinname" originx="230" originy="-200" style="Default" rotation="0" justify="left" flipped="False" hidden="False" data="3" />
      <text name="pindes" originx="140" originy="-180" style="Default" rotation="0" justify="lowerright" flipped="False" hidden="False" data="3" />
    </sympin>
    <sympin number="4" originx="200" originy="-300" rotation="180" length="100" width="7.8740157480315" flipped="False">
      <text name="pinname" originx="230" originy="-300" style="Default" rotation="0" justify="left" flipped="False" hidden="False" data="4" />
      <text name="pindes" originx="140" originy="-280" style="Default" rotation="0" justify="lowerright" flipped="False" hidden="False" data="4" />
    </sympin>
    <sympin number="5" originx="200" originy="-400" rotation="180" length="100" width="7.8740157480315" flipped="False">
      <text name="pinname" originx="230" originy="-400" style="Default" rotation="0" justify="left" flipped="False" hidden="False" data="5" />
      <text name="pindes" originx="140" originy="-380" style="Default" rotation="0" justify="lowerright" flipped="False" hidden="False" data="5" />
    </sympin>
    <sympin number="6" originx="200" originy="-500" rotation="180" length="100" width="7.8740157480315" flipped="False">
      <text name="pinname" originx="230" originy="-500" style="Default" rotation="0" justify="left" flipped="False" hidden="False" data="6" />
      <text name="pindes" originx="140" originy="-480" style="Default" rotation="0" justify="lowerright" flipped="False" hidden="False" data="6" />
    </sympin>
  </symbol>
  <component name="4PCV-06-006" designatorprefix="J" height="499.99999999999" footprint="4PCV06006">
    <comppin designator="1" sympin="1" pinswap="0" gateswap="0" gate="1" group="1" side="" type="Any" name="1" />
    <comppin designator="2" sympin="2" pinswap="0" gateswap="0" gate="1" group="1" side="" type="Any" name="2" />
    <comppin designator="3" sympin="3" pinswap="0" gateswap="0" gate="1" group="1" side="" type="Any" name="3" />
    <comppin designator="4" sympin="4" pinswap="0" gateswap="0" gate="1" group="1" side="" type="Any" name="4" />
    <comppin designator="5" sympin="5" pinswap="0" gateswap="0" gate="1" group="1" side="" type="Any" name="5" />
    <comppin designator="6" sympin="6" pinswap="0" gateswap="0" gate="1" group="1" side="" type="Any" name="6" />
    <attached_symbol gate="1" name="4PCV-06-006" />
    <pinmap designator="1" footprintpin="1" />
    <pinmap designator="2" footprintpin="2" />
    <pinmap designator="3" footprintpin="3" />
    <pinmap designator="4" footprintpin="4" />
    <pinmap designator="5" footprintpin="5" />
    <pinmap designator="6" footprintpin="6" />
    <text name="Datasheet" originx="0" originy="0" style="Default" rotation="0" justify="" flipped="False" hidden="True" data="https://www.te.com/commerce/DocumentDelivery/DDEController?Action=srchrtrv&amp;DocNm=1-1773458-2_BARRIER_STRIPS_QRG&amp;DocType=Data Sheet&amp;DocLang=English&amp;PartCntxt=8-1437648-0&amp;DocFormat=pdf" />
    <text name="Description" originx="0" originy="0" style="Default" rotation="0" justify="" flipped="False" hidden="True" data="Body Features: Product Orientation Vertical | Primary Product Color Black | Barrier Strip Style Tri-Barrier | Configuration Features: Number of Rows 1 | Number of Levels 1 | Number of Positions 6 | Contact Features: PCB Contact Termination Area Plating Material Tin | Contact Current Rating (Max) 20 AMP | Contact Base Material Copper Alloy | Dimensions: Product Length 51.07 MM | Wire Size 22  12 AWG | Product Length 2.01 INCH | Wire Size .3  3 MMSQ | Electrical Characteristics: Operating Voltage 150 V " />
    <text name="element14 Part Number" originx="0" originy="0" style="Default" rotation="0" justify="" flipped="False" hidden="True" data="" />
    <text name="element14 Price/Stock" originx="0" originy="0" style="Default" rotation="0" justify="" flipped="False" hidden="True" data="" />
    <text name="Manufacturer_Name" originx="0" originy="0" style="Default" rotation="0" justify="" flipped="False" hidden="True" data="TE Connectivity" />
    <text name="Manufacturer_Part_Number" originx="650" originy="200" style="Default" rotation="0" justify="left" flipped="False" hidden="False" data="4PCV-06-006" />
  </component>
</quadcept_library>
